question,answer,phi,llama,gemini,mixtral,claude,gpt
Can a program include more than one concentration?,"Yes, programs may have multiple concentrations within the major."," Yes, at the University of South Carolina, students in certain programs can pursue more than one concentration. It's advisable to check specific department guidelines or contact the academic advisor for accurate information regarding your program of interest. This allows for a more versatile skill set and academic focus.","Yes! Many undergraduate programs at USC offer multiple concentration options. These concentrations provide a more focused area of study within a broader major. For example, the Business Administration major may offer concentrations in Accounting, Finance, or Marketing. It's always best to check the specific program details with the academic department or the University's course catalog for the most accurate information!","Yes! Many programs at USC allow students to choose multiple concentrations within their major. 
"," Yes, at USC, many programs allow students to combine multiple concentrations or specializations, offering diverse and personalized academic paths.","Yes, many USC programs offer multiple concentrations. Students can often choose one or more concentrations within their major to specialize their studies. However, specific options vary by program, so it's best to check with the individual department or academic advisor for details.","Yes, some programs at USC offer multiple concentrations, allowing students to tailor their studies to specific interests or career goals. Check the specific program's requirements on USC's website or contact an academic advisor for detailed information on available concentrations."
Can I choose specific (prescribed) courses as part of the Carolina Core for my program?,Yes. Certain programs may require courses that are approved as Carolina Core foundational courses. It makes sense that those programs would “prescribe” those courses as required for the particular Carolina Core component that they fulfill.," At the University of South Carolina (USC), the Carolina Core is designed to ensure a well-rounded education. While it offers a foundational set of courses, students have some flexibility within their major to choose related electives that align with their interests and program requirements. However, it's advisable to consult with your academic advisor for personalized guidance on course selection to ensure you meet all program prerequisites.","As part of the Carolina Core, you can choose from a variety of prescribed courses in categories like Writing, Humanities, and Social Sciences. These courses are designed to provide a well-rounded liberal arts education. You can consult with your advisor to select Carolina Core courses that align with your degree requirements and interests!","The Carolina Core is a set of general education requirements that all USC students must complete. Unfortunately, you cannot choose specific prescribed courses within the Carolina Core. You can, however, choose from a variety of courses within each Core area. 
"," While you can choose from various course options within the Carolina Core requirements, specific courses cannot be prescribed for individual programs of study. Explore approved courses at sc.edu/study/carolina_core.","The Carolina Core allows some flexibility in course selection. While there are specific requirements to fulfill, you often have options within each category. It's best to consult with your academic advisor to ensure your choices align with your program's requirements and your academic goals.","Yes, for the Carolina Core, you can select from a range of courses designed to meet specific general education requirements. Some programs may prescribe certain courses to meet these requirements, so it's best to consult your academic advisor for guidance tailored to your major."
Do all changes to a cross-listed course affect any cross-listed course(s) as well?,Common Reasons Proposals are Returned from the Curricula and Courses Committee: Getting approval for distributed learning for one cross-listed course does not automatically approve cross listed courses for distributed learning delivery. Separate submissions are required for each course. (https://sc.edu/about/offices_and_divisions/provost/planning/academicprograms/docs/f23232.pdf)," Not always. Changes to a cross-listed course's syllabus, schedule, or instructor may affect all cross-listings. However, some updates might be specific to one listing and not impact others. Always confirm with the department handling the cross-listing for clarity.","At the University of South Carolina, changes to a cross-listed course affect all cross-listed courses. If a change is made to one course, the same change applies to its cross-listed counterparts. This ensures that both course sections have the same content and syllabus.","That's a great question!  Changes to a cross-listed course usually affect all courses listed under the same course number.  However, it's always best to double-check with the department for specific details about the course. 
"," Yes, changes to a cross-listed course typically affect all associated cross-listed courses at the University of South Carolina. This includes updates to syllabi, assignments, and exams.","Yes, changes to a cross-listed course at USC typically affect all cross-listed versions of that course. This ensures consistency across departments and programs. However, it's always best to confirm with the specific departments involved or the Office of the Registrar for any exceptions.","Yes, at USC, changes to a cross-listed course, such as scheduling or curriculum adjustments, typically affect all sections under that course code. Coordination between departments ensures consistency across cross-listed courses."
Do prerequisites have to be enforced in Banner?,"Prerequisites do not have to be enforced in Banner. However, it is recommended that they be enforced, as they are published in the Bulletin. It creates inconsistency in University sources to list prerequisites on the Bulletin, but then not enforce them in Banner."," I'm sorry, but as an AI I don't have real-time access to specific software systems like USC's Banner. I recommend contacting your university's IT department or academic advisor for accurate information about course enrollment and prerequisites.","Yes, prerequisites are enforced in Banner, the University of South Carolina's student information system! This ensures that students meet the necessary course requirements before registering for a more advanced or specialized course.473","I don't have access to specific information like Banner settings. Contact the Registrar's Office for accurate information about prerequisite enforcement in Banner. They're the best source for that! 
"," Yes, prerequisites are enforced in USC's student information system, Banner. This ensures students meet necessary requirements before enrolling in courses.","At USC, prerequisites are typically enforced in Banner, our student information system. However, there may be some flexibility depending on the specific course and department. Students should consult their academic advisors for any questions regarding prerequisite requirements or potential waivers.","Yes, prerequisites are typically enforced in Banner to ensure that students meet the necessary requirements before enrolling in certain courses at USC. This helps maintain academic standards and ensures students are prepared for the course content."
How do Carolina Core Overlay courses work?,"Carolina Core overlay courses meet two Carolina Core learning outcomes in one course. Students may apply a maximum of two overlay courses to their Carolina Core hours. All students must have a minimum of 31 hours of Carolina Core. For a list of overlay-eligible courses, visit the Carolina Core website and sort by the Overlay column in the table. Learn more with the Carolina Core Overlay Training Module (https://sc.edu/about/offices_and_divisions/provost/academicpriorities/undergradstudies/carolinacore/courses/foundational-courses.php, https://www.youtube.com/watch?v=Bed1TZJfbhs&feature=youtu.be&t=2m55s)"," Carolina Core Overlay courses at USC are designed to deepen understanding of key concepts across disciplines. They enable students to complete their major requirements with fewer courses. Typically, these overlays are offered in a shorter, more intensive format and encourage cross-listed learning. For specific details, visit USC's core curriculum page or contact the Registrar's Office.","The Carolina Core Overlay courses are a unique aspect of USC's core curriculum. These courses provide added depth and breadth to your education, allowing you to explore specific areas of interest. Overlays are compatible with various majors and career paths. I recommend checking the USCwebsite or speaking with an academic advisor for more detailed information!","Carolina Core Overlay courses allow you to fulfill multiple course requirements with a single class. For example, a history course could satisfy both a Carolina Core and a major requirement. It's a great way to streamline your academic plan! 
"," Carolina Core Overlay courses are centered around USC's core themes, offering students opportunities to explore specific topics in-depth while fulfilling general education requirements.","Carolina Core Overlay courses fulfill multiple Carolina Core requirements simultaneously. These courses are designed to meet learning outcomes for two or more Core areas, allowing students to efficiently complete their general education requirements while exploring interdisciplinary connections.",Carolina Core Overlay courses fulfill multiple general education requirements simultaneously. They allow students to efficiently meet the core curriculum requirements while also progressing in their major or electives. It's a way to streamline coursework while ensuring a well-rounded education.
How do I change my program learning outcomes?,Learning Outcomes are placed in the Academic Assessment Plan Composer . Please contact La Trice Ratcliff-Small in OIRAA with any questions regarding learning outcomes. (http://assessmentplan.ipr.sc.edu/)," To change your program learning outcomes at the University of South Carolina, contact your academic advisor or the program coordinator. They can guide you through the formal process, which may involve submitting a petition and getting approval from your department's curriculum committee. Visit the Career Center or student services office for assistance with the necessary steps.","The University of South Carolina (USC) allows students to modify their program learning outcomes (PLOs) if needed. To make changes, students should meet with their academic advisor to discuss their goals and revised PLOs. The advisor will then guide them through the formal change process, which may require an updated degree audit and approval from the department and university. It's essential to review and agree on the revised PLOs with both the advisor and department.","I don't have access to specific student records or the ability to change program learning outcomes. You'll need to contact your academic advisor or the relevant department for assistance. 
", Changes to program learning outcomes typically involve academic departments and committees. Contact your academic advisor or department head for guidance on the process at USC.,"To change program learning outcomes at USC, you'll need to work with your department chair and follow the university's curriculum revision process. This typically involves submitting a proposal to the appropriate academic committee for review and approval. Contact your department's administrative staff for specific guidance.","To change your program learning outcomes at USC, contact your academic advisor or department office. They can guide you through the necessary process and paperwork. Be sure to review the Graduate or Undergraduate Academic Policies for any additional guidelines specific to your program."
How do I know if I need a curriculum change proposal to make a change in the Bulletin?,"A curriculum change proposal is required when substantive changes are needed. Changes that are non-substantive include typos, grammar errors, formatting changes, and other changes that do not affect the meaning or interpretation of curricular information."," To propose a curriculum change at the University of South Carolina, you must follow these steps: 

1. Consult with your academic advisor or department chair.
2. Research and draft your proposal, considering USC's academic goals and policies.
3. Seek feedback from relevant faculty and stakeholders.
4. Submit the proposal to the Curriculum Committee via the USC Faculty Affairs office.

Please consult USC's official documents or contact the relevant office for specific guidance.","To make a change in the Bulletin, you'll need a Curriculum Change Proposal. This is typically initiated by your academic department and involves filling out a standard form, obtaining necessary approvals, and submitting to the graduate school or registrar's office. If you're unsure, consult with your department or the academic resources office for guidance!","You'll need a curriculum change proposal if you want to make changes to a course or program listed in the USC Bulletin. These proposals require faculty approval. 
"," If you're considering changes to your academic program, first review the Bulletin. For major modifications, a Curriculum Change Proposal may be required. Contact your academic advisor or department for specific guidance.","For changes to the USC Bulletin, you generally need a curriculum change proposal if you're altering degree requirements, adding/removing courses, or modifying program structures. Minor edits like typos may not require a proposal. Consult your department's curriculum committee or the Registrar's office for specific guidance.","To determine if you need a curriculum change proposal, check the type of change: course additions, deletions, or modifications usually require a proposal. Consult USC's Academic Programs Guidelines or contact the Office of Academic Programs for assistance."
How do I propose a course action?,"Course actions include proposing new courses, modifying or changing courses, terminating courses, and adding distributed learning to a course. Visit the Academic Programs website and scroll to the section for the action you’d like to take. (https://sc.edu/about/offices_and_divisions/provost/planning/academicprograms/courses/index.php)"," To propose a course action at USC, follow these steps:

1. Draft your proposal: Clearly outline your idea, its benefits, and implementation details.
2. Seek support: Discuss with peers, faculty, and relevant departments.
3. Contact your faculty advisor: Obtain their backing and advice.
4. Propose to Academic Affairs: Submit your proposal through the appropriate channels, such as a course development committee.
5. Prepare for feedback: Be open to suggestions and ready to revise your proposal.
6. Implementation: Once approved, work with stakeholders to bring the course to fruition.

For detailed procedures, consult the Office of Academic Affairs.","Exciting idea! Proposing a course action at USC involves submitting a proposal to the university's curriculum committee. Visit the USC Academic Affairs website, scroll to ""Curriculum Proposals,"" and follow the step-by-step guidelines. You'll need to provide course details, learning objectives, and assessment plans. Submit your proposal for review and approval. Let the academy acknowledge your innovative idea!","You can submit a course action proposal through the university's online portal. You'll need to provide details about the proposed course, including the course name, description, and syllabus. 
"," To propose a course action at USC, visit the respective department's website for their specific process. Generally, it involves submitting a written proposal outlining your course idea and rationale to the department chair.","To propose a course action at USC, you'll need to:

1. Consult your academic advisor
2. Complete the Course Action Proposal form
3. Gather supporting documentation
4. Submit the proposal to your department chair
5. Wait for review and approval

Contact your department for specific guidelines.","To propose a course of action at USC, contact the Office of the Registrar or your department's curriculum committee. They handle course proposals and academic changes. Ensure you follow their guidelines and provide a comprehensive rationale for your proposal."
How do I propose a program action?,"Program actions include proposing new, modifications to, or terminating degree programs, minors, concentrations, and academic certificates. Visit the Academic Programs website and scroll to the section for the action you’d like to take. (https://sc.edu/about/offices_and_divisions/provost/planning/academicprograms/program-actions/index.php)"," To propose a program action at the University of South Carolina (USC), follow these steps:

1. Identify key stakeholders: Determine who needs to be involved, such as relevant departments, faculty, or student organizations.

2. Research: Gather information about your proposal idea, similar programs, and potential challenges.

3. Develop a proposal document: Outline your idea, objectives, benefits, required resources, and a timeline.

4. Gather support: Obtain endorsements from team members, advisors, or supporters.

5. Submit the proposal: Present it to the appropriate contacts, such as your department head or program coordinator. You may also submit it through USC's program portal if available.

6. Attend to feedback: Be open to suggestions or modifications from those who review your proposal.

7. Follow-up: Keep in touch with decision-makers and remain involved to ensure progress toward implementation.

Remember, keeping your proposal concise (50 words or less) and focused is crucial for effective communication.","To propose a program action at the University of South Carolina, start by identifying a program or initiative that aligns with the university's strategic plan. Develop a proposal that outlines the program's goals, objectives, budget, and expected outcomes. Submit the proposal to the appropriate program review committee or department administrator for review and approval.","USC's student government, the Student Government Association (SGA), is the best place to propose program actions that impact the student body.  They meet regularly and welcome student input! 
"," To propose a program action at USC, visit the Office of the University Registrar's website for guidelines and necessary forms. Generally, it involves collaboration with faculty, academic units, and approval from the university governance.","To propose a program action at USC, you typically need to:

1. Develop a detailed proposal
2. Consult with your department or academic advisor
3. Submit the proposal to the appropriate committee or department head
4. Follow up and be prepared to present your idea

Contact your department for specific guidelines.","To propose a program action at USC, contact your department's academic program coordinator. They can guide you through the internal procedures and forms required for submission, usually involving departmental approval followed by submission to the university's Curriculum Management system."
How long will it take for my proposal to receive all levels of approval?,"It depends on the type of proposal submitted and if there are any external approvals required. Program actions may take between 6 months and 2 years for full review (ACAF 2.00). Review the various levels of approval needed for various types of curricular actions. See the APPS Approval Flow Chart for program actions. Also see t he Academic Programs website for CHE Timelines and Bulletin Freeze Charts. (/about/offices_and_divisions/advising/curriculum_services/approval_process/index.php, https://sc.edu/about/offices_and_divisions/provost/planning/academicprograms/docs/apps-approval-flowchart.pdf, https://sc.edu/about/offices_and_divisions/provost/planning/academicprograms/program-actions/timelines.php)"," The timeframe for your proposal approval at the University of South Carolina (USC) can vary. Initial reviews might take a few weeks. For departmental and higher-level approvals, expect several months. Contact the relevant department for a more accurate estimate based on specific guidelines and workload.","Exciting project! At USC, proposals typically go through a multi-level approval process. The timeframe can vary depending on the complexity and scope of the project. Generally, it can take anywhere from a few weeks to a few months. I recommend checking with the relevant department or office for specific timelines and guidance.","I don't have access to specific proposal timelines. You can contact the relevant department or office for the most up-to-date information on your proposal's progress.  Good luck! 
"," The approval process varies at USC, depending on the type of proposal. It can take weeks to months. Contact the relevant office for specific information on your proposal's review timeline.","The approval process for proposals at USC can vary depending on the type and complexity of the proposal. Generally, it can take several weeks to a few months to receive all levels of approval. For more specific timelines, it's best to consult with your department or the Office of Sponsored Awards Management.",Approval times vary based on the type of proposal and the involved departments. Contact the relevant office or department for specific timelines regarding your proposal.
"If my program has multiple concentrations, will a change to the program affect all of the concentrations?","Concentrations are specific areas of study within the major. Anything outside of a concentration is part of the base program. If the change is to the Carolina Core, College Requirements, Program Requirements, or Major requirements (outside of the concentration), then the change will affect all concentrations. If the change is within a specific concentration itself, then it will not affect other concentrations in the program."," Typically, changing your academic program at USC will affect all associated concentrations unless specified otherwise by the program's guidelines. Contact your program advisor for personalized advice regarding your situation.","If you have a program with multiple concentrations, a change to the program will typically affect all concentrations, unless stated otherwise by the academic department. It's always best to confirm with your academic advisor to ensure you understand any potential effects on your concentrations.","I don't have access to specific program details. It's best to reach out to your academic advisor or the relevant department to clarify how changes impact concentrations within your program. They can provide the most accurate guidance. 
"," Generally, changing your program will not impact all concentrations. However, it may depend on the specific program's rules at USC. Consult your academic advisor for personalized guidance.","It depends on the specific program and proposed changes. Generally, changes to core requirements might affect all concentrations, while changes to concentration-specific courses would only impact that particular concentration. For detailed information, consult your academic advisor or program coordinator at USC.","Changes to a program may affect all concentrations, but it depends on the specifics of the curriculum changes. Check with your academic advisor for detailed information on how revisions might impact your concentrations. They can provide the most accurate and tailored guidance."
What are critical courses on the major maps?,"Courses may be marked as critical if there is a deadline for completion or if they may cause a delay in graduation because they serve as a prerequisite in a series of courses, have prescribed sequencing, or have limited offerings. There is a description of why courses are critical for a particular program in the first program note on the back of each major map. Critical courses are explained with examples in the Major Maps Training Module . (https://www.youtube.com/watch?v=8iJrJTDzKCQ&feature=youtu.be)"," At the University of South Carolina, critical courses for a major map-related course typically include:

1. Cartography 101: Introduction to Maps - covers basics, symbols, scales.
2. GIS 101: Principles of Geographic Information Systems - essential for digital mapping.
3. Map Analysis and Interpretation - understanding spatial relationships.
4. Field Surveying Methods - practical skills for accurate data collection.
5. Cartographic Design - principles of map-making for effective communication.

Ensure to check with your specific department for tailored course recommendations.","For many majors at the University of South Carolina, critical courses are those that provide a foundation in the subject area or meet accreditation requirements. Some examples include:

* Intro to Psychology for Psychology majors
* Calculus I for STEM majors
* English composition for Humanities majors
* Introduction to Business for Business Administration majors

Please note that specific critical courses may vary depending on the major and department. Check the major map or consult with an advisor for more detailed information.","I need more information to answer your question!  Could you tell me what major you are interested in?  Major maps are specific to each academic program, so I need that context to provide you with the right critical courses.  Go Gamecocks! 
"," Critical courses on USC major maps are required for graduation, offering foundational knowledge in your chosen field. They vary by major, so check your specific map for details.","Critical courses on USC's major maps are typically foundational classes essential for progressing in a specific degree program. These courses often have minimum grade requirements and must be completed by certain semesters. Examples vary by major but may include introductory classes in math, science, or major-specific subjects.",Critical courses in USC major maps are essential for timely progress in a specific major. These courses must be taken in the recommended sequence to ensure prerequisites are met. Reviewing your specific major's map on the USC website or consulting an academic advisor can provide detailed guidance.
What are major maps?,"A major map is a layout of required courses in a given program of study, including critical courses and suggested course sequence to ensure a clear path to graduation. Major maps include universal terminology, a standard program of study, and a common 8-semester template. Access the Major Map Repository Learn more about major maps with the Major Map Training Module (/about/offices_and_divisions/advising/advisor_toolbox/majormaps.php, /about/offices_and_divisions/advising/advisor_training/training-index.php)"," At the University of South Carolina, ""major maps"" could refer to interactive digital maps that highlight important locations on campus, such as academic buildings, student centers, athletic facilities, and more. These tools can help students navigate the campus, plan their routes, and discover resources. If you're looking for specific maps or navigation tools, the USC Campus Services or IT department can provide helpful resources.","Major maps, also known as academic maps, are tailored plans that outline the coursework and requirements for a specific major at the University of South Carolina. These maps help students stay on track, ensure they're taking the right classes, and complete their degree on time. USC offers major maps for a wide range of undergraduate and graduate programs.","Major maps are comprehensive guides to the University of South Carolina's campus. They include buildings, landmarks, and important points of interest.  You can find these online or at campus information centers. 
"," Major Maps at USC are online resources guiding students through their chosen degree program. They detail course requirements, milestones, and suggested schedules, helping ensure academic success.","Major maps at USC are planning tools that outline recommended course sequences for each academic major. They help students visualize their path to graduation, including required courses, electives, and suggested timelines. Major maps are valuable resources for academic planning and staying on track for degree completion.","Major maps at USC are detailed, semester-by-semester academic plans outlining recommended courses and milestones for each degree program. They help students stay on track toward graduation, ensuring all major requirements and opportunities for enrichment, such as internships and study abroad, are included."
What are the requirements for a cross-listed course?,"“A cross-listed course is a course that is offered under more than one course subject and is not appropriate for courses with the same course subject. Once a cross-listed course is approved, the courses are viewed as equivalent and identical and should ideally be able to be taken interchangeably within degree programs which require the course.” (ACAF 2.03) Cross-listed courses must have the exact same criteria as listed below: Course Number (if possible; at minimum the course numbers for the cross-listed courses must have be at the same level, i.e., lower division, upper division, mixed, graduate) Title Course Description Pre-requisites and Co-requisites Catalog Restrictions (e.g., by student level or program) Carolina Core or GLD designations (if applicable) Grade Mode (i.e., letter grade or pass/fail) Schedule Type (e.g., lecture, lab, seminar) a. Cross-listed courses may have different course delivery and location."," At the University of South Carolina, cross-listed courses typically follow standard university guidelines. Requirements may vary, but generally, you should:

1. Check both department listings for prerequisites.
2. Ensure credit limits are not exceeded if enrolling in multiple times.
3. Consult with your academic advisor for specific guidance.

For the most accurate and current information, please refer to USC's official academic catalog or student services portal.","At the University of South Carolina, cross-listed courses are ones that are offered through multiple departments or schools. To take a cross-listed course, you need to meet the prerequisites for the course as specified by the department offering the course. Typically, you'll need to check the course catalog or consult with your academic advisor to confirm the requirements.","Cross-listed courses at USC often have different prerequisites depending on the department. It's best to check the course syllabus or contact the instructors for specific requirements. 
"," Cross-listed courses share similar content and requirements. You'll enroll under one course title, but it'll count towards both. Requirements are set by the specific department; check their syllabus or website for details.","At USC, cross-listed courses are offered by multiple departments. Students can only receive credit for the course once, regardless of which department they enroll through. Requirements may vary, but generally, students must meet prerequisites for at least one of the listed departments.","A cross-listed course at USC is offered under multiple departments or programs but counts as the same course. Students must check specific prerequisites and departmental approvals, as requirements can vary. It's essential to consult the course catalog or academic advisor for precise details."
What are the requirements for a syllabus?,"All undergraduate and graduate courses must have a course syllabus that includes the following: Course title (including course subject designator and number) Instructor name and relevant contact information Final Exam day and time, as appropriate (from Office of the Registrar’s website) Class meeting days, times, and location, or equivalent Undergraduate or Graduate Bulletin course description Course learning outcomes Required text(s) and/or suggested readings, as appropriate Course requirements and grading Assignments, projects, quizzes, and/or exams with brief descriptions of expectations with points/weights assigned to each activity. Courses at the Mixed/Advanced Undergraduate/Entry Level Graduate Courses (500/600--level) must include separate grading schemes for undergraduate and graduate credit and one or more assignments for graduate credit that are clearly differentiated from undergraduate assignments Grading scheme and weights including what a student must do to receive a grade of A through F for a letter grade-based course, or an S or U, or a T or U, as appropriate for a non-letter grade course Topical outline of content to be covered, including a time allocation framework (e.g., week 1, week 2, etc. to include 14 weeks for a standard academic year course 6 session). The time allocation framework will be adjusted for other term lengths accordingly, consistent with course credit hours as defined in section III D. For Distributed Learning Courses, the syllabus is expected to articulate estimated time commitments of instructional time and course activity time consistent with course credit hours as defined above. The Committee on Instructional Development shall maintain and administer guidelines for such courses. Statement regarding academic integrity, honorable behavior and/or the Carolinian Creed (or excerpt thereof). Additional information may be found through the Office of Academic Integrity . Sample syllabi are also available through the Center for Teaching Excellence. Course attendance policy consistent with the expectations stated in the respective Academic Bulletin. Statement regarding disability services. Additional information may be found through the Student Disability Services Center and in policy STAF 6.02 Support Services and Accommodations for Students with Diagnosed Disabilities. (https://sc.edu/about/offices_and_divisions/student_conduct_and_academic_integrity/, /about/offices_and_divisions/cte/teaching_resources/syllabus_templates/, /about/offices_and_divisions/student_disability_resource_center/for_faculty_and_staff/classroom_accessibility/index.php)"," A USC syllabus typically includes: course title, instructor's name, course description, learning objectives, grading criteria, assignment details, attendance policy, university's academic policies, class schedule, policies on late work, academic integrity, and contact information for the instructor. It's a comprehensive guide for understanding course expectations.","According to the University of South Carolina's Policy on Course Syllabi, a syllabus must include: course title, course description, credit hours, meeting times, contact information for the instructor, course goals and objectives, assignments and evaluations, and any additional policies or expectations.","I can't give you specific syllabus requirements.  You should check with your professor or department for their guidelines.  They'll have the most accurate information! 
"," A USC syllabus typically includes course description, learning objectives, assignments, attendance policy, textbook info, and professor's contact details. Requirements may vary by faculty.","At USC, syllabi typically include course information, instructor details, learning outcomes, required materials, grading policies, and a schedule of topics. Specific requirements may vary by department, but all syllabi should align with USC's academic policies and provide students with a clear course overview.","USC requires syllabi to include course objectives, a schedule of topics, grading policies, required materials, instructor contact information, and any specific policies regarding attendance and academic integrity. It's important for each syllabus to align with USC's academic guidelines and be clear to students."
What is a cognate?,"""A cognate is series of courses that display a distinct curricular pattern in one or more disciplines different from the major. Undergraduate cognates require a minimum of 12 credit hours in advanced level courses related to, but outside the major. Graduate cognates range between 9 and 18 credit hours. Cognates are variable according to what is appropriate as determined by the student and the major advisor. Thus, cognates are not subject to faculty governance review, and do not appear on either the transcripts or the diplomas."" (ACAF 2.00)"," A cognate is a word that has a similar form and meaning in two languages because of a shared etymological origin. For example, the English word ""mother"" and the German ""Mutter"" are cognates, as both have evolved from the same Proto-Indo-European root. The University of South Carolina has diverse international students, creating an environment where understanding cognates can be quite beneficial for language learning.","A cognate is an undergraduate student who enrolls in a separate related field, usually for one or two semesters, to explore a specific interest. USC offers cognates in various fields, such as business, engineering, languages, and more. This unique program allows students to earn a related minor or additional certification.","A cognate is a word that shares a common origin and similar meaning with a word in another language. For example, ""father"" in English and ""padre"" in Spanish are cognates. 
"," A cognate is a foreign language word roughly equivalent to an English one, often sharing similar meaning, spelling, or pronunciation. At USC, students can study cognates in various language programs.","At USC, a cognate is a group of courses (usually 12-18 credit hours) in a specific area outside a student's major. It's designed to complement the major and provide broader knowledge. Cognates are required for most bachelor's degree programs at USC.","At USC, a cognate is a set of courses that students choose outside their major to complement their primary field of study, broadening their educational experience and providing interdisciplinary learning."
What is a concentration?,"""A Concentration is a series of courses that display a distinct curricular pattern within the major. They are often called options, emphases, tracks, areas, fields, or specializations. These are different from minors or cognates which are typically outside of the major. Concentrations are subject to faculty governance review, and appear on the transcripts but not the diplomas."" (ACAF 2.00)"," A concentration at the University of South Carolina refers to a specific field of study chosen by students within their undergraduate degree. For example, USC offers various majors such as Business Administration, Biology, or History, each with sub-concentrations. These allow students to focus on particular aspects or specializations, such as Finance within Business Administration, Environmental Biology within Biology, or American History within History. Choosing a concentration helps tailor your education to your interests and career goals.","At the University of South Carolina, a concentration is a specific area of study within a major. It's a way for students to tailor their degree to their interests and career goals. For example, if a student majors in Business, they might concentrate in Finance, Management, or Marketing. Concentrations provide a deeper exploration of a particular field, preparing students for a more focused career path!","A concentration is a specific area of study within a major, allowing you to specialize in a particular field. For example, you could have a major in Biology and a concentration in Genetics. 
"," A concentration at USC is a focused area of study within a major, allowing you to specialize your knowledge and skills in a specific subject.","At USC, a concentration is a specialized area of study within a major. It allows students to focus on a specific aspect of their chosen field, gaining in-depth knowledge and skills in that particular area while still completing their broader major requirements.","At USC, a concentration is a specialized area of study within a major, allowing students to focus on specific topics or skills in their field to tailor their educational experience."
What is an integrative course?,"An Integrative course is a course in the major, in which selected Carolina Core learning outcomes are integrated into the chosen major. Each undergraduate program must have an approved integrative course and require it as part of the major to ensure that all undergraduate students have had an integrative course in their major. It cannot just be an option in the major. Learn more on integrative courses . (https://sc.edu/about/offices_and_divisions/provost/academicpriorities/undergradstudies/carolinacore/courses/integrative-courses.php)"," An integrative course at the University of South Carolina (USC) is designed to combine multiple disciplines or academic fields, encouraging students to explore and connect concepts across traditional boundaries. This approach fosters a deeper understanding of complex issues and promotes critical thinking, creativity, and the ability to apply knowledge in diverse contexts. USC's integrative learning initiatives aim to enhance students' educational experiences by preparing them for the interdisciplinary nature of modern challenges.","A great question! At the University of South Carolina, integrative courses are interdisciplinary learning experiences that combine concepts and skills from multiple fields or disciplines. These courses aim to provide students with a more holistic understanding of a topic, fostering critical thinking, collaboration, and problem-solving skills. Integrative courses can be found across various academic programs, including arts, humanities, and STEM fields!","Integrative courses combine knowledge and skills from multiple disciplines, allowing you to explore a topic from different perspectives. They're a great way to broaden your learning! 
"," An integrative course at USC combines multiple disciplines, allowing students to explore connections between different subjects and gain a more holistic understanding of complex topics.","At USC, an integrative course combines knowledge from multiple disciplines or perspectives to address complex issues. These courses encourage students to think critically and make connections across different fields of study, enhancing their overall understanding and problem-solving skills.","At USC, an integrative course is designed to connect various disciplines and promote comprehensive learning. It encourages students to integrate knowledge from different fields, fostering critical thinking and a holistic understanding of complex issues. This approach is central to many USC programs and curricula."
What is Banner/Self-Service Carolina?,"Self-Service Carolina allows students, faculty, and advisors to access student information via the web. Students may use Self Service Carolina to: View and update Financial Aid Status Access Degreeworks Check Registration Status and eligibility Schedule classes using College Scheduler Check grades and verify records Pay tuition and fees Faculty may use Self Service Carolina to: Review class rosters Assign grades Obtain student contact information Academic Advisors may use Self Service Carolina to: Access DegreeWorks Check a student’s Registration Status and eligibility Obtain student contact information Review student Records Learn more with the Self Service Carolina Overview training module. For helpful tutorials and how to videos, visit the Self-Service Carolina Upgrade page. (https://www.youtube.com/watch?v=iqOe9tzGp1g&feature=youtu.be, /about/offices_and_divisions/advising/advisor_toolbox/advising_technology/banner9/index.php)"," Banner/Self-Service Carolina is USC's online portal, providing students, faculty, and staff with access to academic records, course registration, financial aid information, and more, streamlining administrative tasks and promoting efficient university engagement.","Banner/Self-Service Carolina is the University of South Carolina's online student information system! It allows students to access their academic records, register for classes, view grades, and more. Simply login with your Storminfo ID and password to start exploring your student portal.","Banner/Self-Service Carolina is the online portal where you can access your student records, grades, financial aid information, and much more! It's your one-stop shop for all things USC. 
"," Banner/Self-Service Carolina is a USC online platform providing students and staff access to academic records, registration, financial aid, billing, and other university services.","Banner/Self-Service Carolina is USC's online portal for students and faculty. It allows students to register for classes, view grades, check financial aid, and manage personal information. Faculty use it to access class rosters and submit grades. It's an essential tool for managing academic and administrative tasks at USC.","Banner/Self-Service Carolina is USC's online platform where students can manage academic tasks like course registration, accessing grades, viewing financial aid, and updating personal information. It streamlines student administration, making essential services easily accessible."
What is CourseLeaf?,CourseLeaf is the new curriculum management software that includes curriculum inventory management (curriculum change process) and catalog management (bulletin).," CourseLeaf is an application designed to help students at the University of South Carolina (USC) with their academic course planning. It provides a platform where students can register for courses, access grades, and manage their academic schedule efficiently within the USC academic system. Please note that while I can provide general information, for specific functionalities or features, it's best to check the latest updates on the university's official resources or CourseLeaf's website.","CourseLeaf is the university's online curriculum management system, used to manage and publish the official course catalog, degree requirements, and academic programs. It allows faculty and administrators to easily update and review course information, ensuring accuracy and transparency in our academic offerings.","CourseLeaf is USC's online learning management system. It's where you can access course materials, submit assignments, and communicate with professors. 
"," CourseLeaf is a digital platform used by USC for curriculum management, including course and program proposal, approval, and catalog publishing.","CourseLeaf is USC's online catalog and curriculum management system. It's used for creating and updating course information, program requirements, and academic policies. Faculty and staff use it to manage curriculum changes, while students can access the system to view course descriptions and degree requirements.","CourseLeaf is USC's academic software used for course and program management. It helps streamline course catalog creation, class scheduling, curriculum updates, and more. This system ensures accurate, efficient handling of academic data for students, faculty, and administration."
What is DegreeWorks?,"DegreeWorks is the University’s degree audit system. DegreeWorks aids both students and advisors in monitoring students’ progress toward degree and assist students in choosing the most appropriate courses to fulfill degree requirements. Integrated with students’ academic records in Banner, DegreeWorks matches student record data (courses, hours grades) with degree requirements categorically to identify which courses meet degree requirements and which courses need to be completed. Degree works also allows users to run “what if” and “look ahead” scenarios to both show how project courses will apply to a student’s major and apply a student’s course history to another program of study. ( Office of the University Registrar ) Learn more with the DegreeWorks Overview training module. (/about/offices_and_divisions/registrar/toolbox/sysaccess/index.php, https://www.youtube.com/watch?v=syUFK9gy56g&feature=youtu.be)"," DegreeWorks is a comprehensive digital learning platform at the University of South Carolina (USC). It tracks students' academic progress, ensuring they meet graduation requirements. DegreeWorks helps students plan their coursework, submit grades, and maintain academic standing. It's part of USC's commitment to facilitating student success and supporting academic advising.","DegreeWorks is USC's degree audit and planning tool! It's an online platform that helps students track their academic progress, check their degree requirements, and plan their coursework for graduation. It's like having a personal academic advisor – virtual and always up-to-date! Check it out to stay on top of your degree goals!","DegreeWorks is an online tool that helps students track their progress towards graduation by providing a personalized roadmap of required courses and electives. It's an essential resource for planning your academic journey! 
", DegreeWorks is a USC tool that helps students and advisors monitor progress towards degree completion. It visually displays courses required and taken in an easy-to-read format.,"DegreeWorks is USC's online degree audit system. It helps students track their academic progress, view degree requirements, and plan future courses. This tool is essential for ensuring students stay on track for graduation and understand their remaining requirements.","DegreeWorks is an online tool for USC students to track academic progress, plan courses, and ensure they meet graduation requirements. It offers features like degree audits and ""what-if"" scenarios to explore different major or minor options. Accessible through the university's student portal, it's an essential resource for academic planning."
What is EAB Navigate?,"The EAB Advising Platform (known as Navigate on the Columbia campus), populated by a nightly feed of student data from Banner, provides a simple overview of key student information; success marker notifications; risk scoring for early intervention; a full transcript view and incoming student test and placement scores; easy list development based on hundreds of student attributes (GPA ranges; credit completion percentages; specific courses; participation in certain groups such as Honors, athletics, or sorority/fraternity; transfers; etc); a major matcher feature integrated with hiring and salary data provided by O-Net; easy referrals to support offices across campus who will reach out to the student and then close the loop with the advisor who made the referral. Learn more with the EAB Navigate Overview training module. (/about/offices_and_divisions/advising/advisor_toolbox/advising_technology/navigate/index.php, https://www.youtube.com/watch?v=MTYWVP8Dp5A&feature=youtu.be)"," EAB Navigate is not a directly recognized term associated with the University of South Carolina (USC). USC may have specific services, programs, or initiatives that could be referred to by a similar acronym. For accurate information, please provide more context or check the latest updates directly from USC's official communications or resources.","EAB Navigate is a student success platform used by the University of South Carolina to help students achieve their academic and career goals. It provides personalized guidance, advising, and pathways to improve student engagement, retention, and graduation rates.","EAB Navigate is a powerful online platform designed to help you navigate your academic journey at USC. It provides tools for course planning, career exploration, and academic advising. 
"," EAB Navigate is a student success platform at USC, offering personalized guidance for academic planning, progress tracking, and connection to support resources.","EAB Navigate is a student success platform used at USC to help students stay on track academically. It allows students to schedule appointments with advisors, access resources, and receive personalized notifications. Faculty and staff use it to monitor student progress and provide support.","EAB Navigate is a platform used by the University of South Carolina to enhance student success. It helps students manage their academic journey by providing resources for scheduling appointments, tracking academic progress, and accessing support services, all aimed at improving retention and graduation rates."
What is included in progression requirements?,"Progression requirements should inform students and advisors of any deadlines and minimum performance standards to continue in a program. They may include deadlines for course or application completion, minimum GPA requirements, minimum grade requirements, minimum number of credits earned, etc. Learn more with the Progression Requirements training module. (https://www.youtube.com/watch?v=dkA00CaM6R0&feature=youtu.be)"," At the University of South Carolina, progression requirements typically encompass:

1. Completing 30 semester credits of upper-level courses (30000-40000 level).
2. Maintaining a minimum cumulative GPA of 2.0.
3. Fulfilling professional experience or internship requirements, usually 150 hours.
4. Seeking advising from a faculty advisor in your major field.
5. Undergoing academic probation review if necessary.

For detailed requirements, contact USC's specific program office.","Progression requirements at the University of South Carolina include maintaining a minimum cumulative GPA of 2.0, passing 67% of all attempted hours, and satisfying specific major and program requirements. Students must also meet individual program or departmental requirements, such as completion of a certain number of hours or achieving a specific GPA in major courses.","Progression requirements for each major vary, but generally include a minimum GPA, completion of core courses, and sometimes specific prerequisites for upper-level classes. Check with your advisor for your specific major's requirements! 
"," USC's progression requirements typically include completing specific courses, maintaining a minimum GPA, and fulfilling prerequisites for upper-level classes within your major. Details vary by program. Consult your academic advisor or department for your major's requirements.","Progression requirements at USC typically include maintaining a minimum GPA, completing prerequisite courses, and meeting specific academic benchmarks for your chosen major. These requirements vary by program, so it's best to check with your specific department or academic advisor for detailed information.","Progression requirements at USC vary by program but typically include maintaining a minimum GPA, completing specific courses, and meeting any additional program-specific criteria to advance to the next academic level or year. Check your program's guidelines for precise details."
What is the Carolina Core?,"The Carolina Core provides the common core of knowledge, skill and academic experience for all Carolina undergraduate students. It provides the foundation for subsequent specialized study and for lifelong learning. Learn more about the Carolina Core. Learn more with the Carolina Core training module. (https://sc.edu/about/offices_and_divisions/provost/academicpriorities/undergradstudies/carolinacore/, https://www.youtube.com/watch?v=fKO6_tbz9m0&feature=youtu.be)"," The Carolina Core at USC represents the core principles and commitments that define the University community. Established in 2008, it includes values such as Excellence, Community, Diversity, Respect, Integrity, and Service. These principles guide the Trojan culture, academic integrity, and student experiences.","The Carolina Core is the general education program at the University of South Carolina. It's a set of 11 learning objectives that focus on developing critical thinking, communication, and problem-solving skills. Students complete Carolina Core courses in areas like English, math, science, and foreign languages to gain a well-rounded education.","The Carolina Core is a set of general education requirements designed to ensure that all USC graduates have a strong foundation in critical thinking, communication, and diverse perspectives. It's a core part of the USC experience! 
"," The Carolina Core is USC's revitalized general education program, ensuring students gain essential skills, a broad knowledge base, and cultural awareness through a flexible, interdisciplinary curriculum.","The Carolina Core is USC's general education program. It ensures students develop critical skills and explore diverse subjects, regardless of major. The Core includes courses in areas like effective communication, scientific literacy, and global citizenship, providing a well-rounded foundation for academic and professional success.","The Carolina Core is USC's general education curriculum, designed to provide students with foundational knowledge and skills. It includes courses in communication, analytical reasoning, scientific literacy, diversity, and ethics, ensuring a well-rounded academic experience."
What is the difference between prerequisites and restrictions?,"What is the difference between prerequisites and restrictions? Prerequisites are courses (successfully completed with a minimum grade of D, unless otherwise defined) that identify the skills and knowledge needed before enrollment in certain courses. Restrictions are conditions that limit the enrollment in certain courses to a select group of students. Restrictions may include: students of a certain academic standing students of a certain class standing (junior, senior, etc.) students admitted to a certain college, academic program, degree, minor, or certificate students belonging to a specific student group (Honors, Trio Scholars, etc.) students required to meet with an instructor, director, or obtain department permission. Note: Restrictions referring to students who have completed a specific number of credit hours and students with a certain minimum GPA cannot be enforced in Banner."," Prerequisites are courses or skills required to enroll in a higher-level class, while restrictions often refer to limitations, such as GPA requirements or specific enrollment conditions that might prevent a student from registering for a certain course.","Awesome question! At the University of South Carolina, prerequisites are courses that must be completed before taking a specific class. Restrictions, on the other hand, are rules that limit when or how often you can take a course due to factors like curriculum or availability. For example, a course might have a prerequisite of Intro to Psychology, while a restriction might limit you to taking it only during the summer session.","Prerequisites are courses you **must** take before enrolling in a specific course. Restrictions are limitations on who can enroll, like a major or class standing.  
"," Prerequisites are courses or requirements that must be completed before enrolling in a specific class. Restrictions refer to limitations on who can enroll, such as by major, class standing, or college.","Prerequisites are courses you must complete before enrolling in a specific class. Restrictions are limitations on who can register for a course, often based on factors like major, class standing, or special permissions. Prerequisites focus on prior knowledge, while restrictions control enrollment eligibility.","Prerequisites are courses or requirements needed before enrolling in a specific class. Restrictions limit enrollment based on criteria like major, class standing, or department approval. Both ensure that students meet course expectations but cater to different aspects of eligibility."
What is the format for an undergraduate degree program?,"Program of Study: Carolina Core (required) College Requirements (optional) Program Requirements (optional) Supporting Courses Cognate Minor Electives Major Requirements (required) Major Courses Major Electives Concentration For training on the Program of Study format: Advising Foundations: Program of Study Level 3: Program of Study (https://www.youtube.com/watch?v=GHF-S7KI_mA&feature=youtu.be, https://www.youtube.com/watch?v=GHF-S7KI_mA&feature=youtu.be)"," At the University of South Carolina (USC), undergraduate programs typically follow a Liberal Arts or STEM (Science, Technology, Engineering, Mathematics) curriculum structure. Students usually complete core requirements and 36 credits per semester, totaling 120 credits for a bachelor's degree. Specific formats may vary by department, so consult program guidelines for details.","The University of South Carolina (USC) offers undergraduate degree programs in various formats, including:

- Traditional: students attend classes on campus and follow a set schedule.
- Online: students take courses online, flexible scheduling.
- Blended: combination of online and on-campus classes.
- Accelerated: fast-paced, intensive courses, often with evening or summer sessions.
- Part-time: students take credit hours on a part-time basis, often with weekend or evening classes.

Please check the USC website for specific details on each program!","USC undergraduate programs typically follow a semester-based format. You'll take classes in the fall and spring semesters, with an option for summer courses too!  
"," USC's undergraduate programs typically follow a semester system, with two 15-week semesters per year. Most majors require 120 credit hours, including general education, major, and elective courses.","USC's undergraduate degree programs typically require 120-128 credit hours. Students complete general education requirements, major-specific courses, and electives. Programs are usually structured over four years, with full-time students taking about 15 credits per semester. Some majors may have additional requirements or internships.","USC undergraduate programs typically follow a four-year format, comprising general education, major-specific courses, and electives. Students often engage in a combination of lectures, seminars, labs, and experiential learning, culminating in fulfilling credit requirements for graduation. Academic advising supports students throughout their educational journey."
What is the process for course actions?,Internal Approvals: Academic Unit Head (Chair) Academic Unit Heads for departments affected by the action (only if needed) Distributed Learning (if new or change DL course) College/School Representative (usually the APL) Undergraduate Dean Instructional Development (if new DL course) Registrar (Banner Validation and Degree Audit) Carolina Core Specialty Team Chair –Carolina Core courses only Curricula and Courses Committee Faculty Senate," At USC, course procedures often involve:

1. Check syllabus and university course materials.
2. Attend class regularly.
3. Participate in discussions and assignments.
4. Submit work as per deadlines.
5. Access academic support services (Tutoring, Writing Center).
6. Follow Professor’s communication guidelines.
7. Attend orientation, study groups, and office hours if needed.
8. Consult Academic Advising for plan evaluation.

Ultimately, communicate with your instructor for course-specific details. Always refer to official USC academic resources for exact processes.","The University of South Carolina utilizes Self-Service Carolina, a online platform, to facilitate course actions. Faculty and staff can request course actions, such as adding, dropping, or changing courses, through Self-Service. Students can also use this platform to drop or withdraw from courses.","Course actions, like adding or dropping courses, are handled through the my.sc.edu portal. You can access it through the USC website or through the mobile app. You'll need your USC ID and password to log in. 
"," To drop or add a course at USC, log in to Self Service Carolina during specific enrollment periods. For withdrawals after the drop/add period, submit a Course Action Form to the Registrar. Details: usc.edu/student/ssc.","At USC, course actions typically involve the following steps:

1. Faculty propose changes
2. Department review
3. College curriculum committee approval
4. University-level review (if needed)
5. Final approval by relevant academic bodies

For specifics, consult the USC Registrar's Office or your department advisor.","The course action process at USC involves submitting a request through the Registrar’s website. Students typically use this process for add/drop, overrides, or special exceptions. Check with your academic advisor or the Registrar's office for specific forms and deadlines."
What is the process for program actions?,Internal Approvals: Academic Unit Head (Chair) Academic Unit Heads for departments affected by the action (only if needed) College/School Representative (usually the APL) Undergraduate Dean Registrar (Banner Validation and Degree Audit) Curricula and Courses Committee Faculty Senate External Approvals: 8. Board of Trustees (if needed) 9. CHE (if needed) 10. SACSCOC notification and/or substantive change (if needed) See the APPS Approval Flow Chart for program actions. (https://sc.edu/about/offices_and_divisions/provost/planning/academicprograms/docs/apps-approval-flowchart.pdf)," At the University of South Carolina (USC), program actions often involve several steps:

1. **Proposal Submission**: Faculty must submit a detailed proposal outlining the program's objectives, methods, and timeline.
2. **Review Process**: The proposal undergoes review by relevant committees (e.g., Academic Affairs, Ethics Committee, etc.).
3. **Approval**: Once approved, a program action plan is confirmed, and resources allocated.
4. **Implementation**: The program is executed according to the plan, with ongoing monitoring.
5. **Evaluation**: Post-implementation, the program is evaluated for effectiveness and impact.

For specific programs or contexts, please provide more details for tailored guidance. For USC-specific inquiries, refer to the Resources & Procedures page on the USC website.","A great question! At the University of South Carolina, program actions are typically handled through the Office of Academic Affairs. The process begins with a departmental proposal, which is reviewed by the college or school and then submitted to the University Senate's Academic Programs Committee. The Committee reviews and recommends the proposal to the Provost, who makes the final decision. If approved, the program is then implemented and accredited, as necessary!","I can't give you specific instructions on ""program actions."" Please tell me what kind of program you're referring to. I'm happy to help with information about USC programs and processes! 
"," For program actions at USC, students typically submit a request through the university's online system. Processing times vary, and students are usually notified via email once a decision is made.","At USC, program actions typically involve submitting a proposal to the appropriate academic department or college. This proposal is then reviewed by various committees and administrators. The process may include curriculum review, resource assessment, and approval stages. For specific details, it's best to consult the relevant department or the Provost's office.","Program actions at USC usually involve a review and approval process through relevant academic committees. This includes proposal submission, department and college reviews, and final approval by the University Committee on Curricula and Academic Policies (UCCAP). For specifics, check USC's official academic affairs guidelines."
"When do cross-listed courses require additional proposals, and not just letters of concurrence?","Common Reasons Proposals are Returned from the Curricula and Courses Committee: Anytime a course is being deleted. If multiple cross-listed courses are being deleted, separate proposals are needed. Anytime a new course is being created. If a new course is to be cross listed with another new course, two proposals are needed (one for each course). If a new course is going to be cross listed with an existing course, only one proposal is needed. The proposal that creates the new course can also create the cross list, but does need a letter of concurrency. (https://sc.edu/about/offices_and_divisions/provost/planning/academicprograms/docs/f23232.pdf)"," At the University of South Carolina, cross-listed courses may need additional proposals for approval if they span multiple departments or require inter-departmental coordination. This ensures a comprehensive curriculum alignment and resource allocation. Specific guidelines vary, so consult the Office of Undergraduate Studies or relevant department for exact procedures.","According to the USC Office of Academic Programs, cross-listed courses that involve departments outside of the College of Arts and Sciences or the Darla Moore School of Business may require additional proposals, not just letters of concurrence. This typically applies to courses that require approval from the university's curriculum committee or other governing bodies.","I don't have specific information about when cross-listed courses require additional proposals. It's best to check the USC Registrar's website or contact the relevant department for the most up-to-date policies. 
"," At USC, cross-listed courses typically need only letters of concurrence. However, if course content or credit hours significantly differ, an additional proposal may be required, following the USC's academic policies and procedures. Consult the relevant committees for specific guidance.","Cross-listed courses at USC typically require additional proposals when there are significant changes to the course content, requirements, or structure that affect multiple departments. Letters of concurrence are usually sufficient for minor changes or when adding a new cross-listing to an existing course.","Cross-listed courses at USC require additional proposals when significant changes impact learning outcomes or resource allocation. If modifications are minor and don’t affect these aspects, typically only letters of concurrence from relevant departments are needed. Always check the latest USC curriculum guidelines for specifics."
When is a syllabus required for a proposal?,"Common Reasons Proposals are Returned from the Curricula and Courses Committee: A syllabus should only be included in a proposal when necessary. When a syllabus is included, it will be reviewed by the Committee on Curricula and Courses. Proposals that require a syllabus: New course Significant change in the course description, and/or title When required by other committees (i.e., Carolina Core and Instructional Development -INDEV) Proposals that do not require a syllabus: Minor revisions to the course description or course title (e.g., slight rephrasing to replace terms as dictated by professional organizations often related to accreditation) Change in co-requisites or pre-requisites Change in course level, as long as not changing to/from 500 or 600. Change in Catalog Restrictions Change in Carolina Core or GLD designations Change in Grade Mode (not needed for removing pass/fail; needed if adding pass/fail) Change in Schedule Type (e.g., adding/changing lecture/lab/practicum format] Deleting a course (https://sc.edu/about/offices_and_divisions/provost/planning/academicprograms/docs/f23232.pdf)"," At the University of South Carolina, a syllabus is typically required for course proposals related to academic classes. If you're proposing a research project, workshop, or seminar, a detailed outline might be necessary. Please check with the specific department or organizing committee for precise guidelines. If uncertain, I recommend reaching out directly to the relevant office.

(Note: The user did not explicitly mention USC's context, so I addressed the general concept of syllabus requirements in an academic setting.)","At the University of South Carolina, a syllabus is typically required for a proposal when the course is in the College of Arts and Sciences, the Darla Moore School of Business, or the College of Engineering and Computing. A syllabus is not always required for proposals in other colleges. If you're unsure, check with your department or consult with the office of academic affairs for guidance.","I'm not sure what you mean by a ""syllabus for a proposal."" Could you please clarify? 🤔 
"," A syllabus is not typically required for a proposal at USC. However, it may be requested if the proposal involves developing a new course. Always refer to specific proposal guidelines provided by USC.","At USC, syllabi are typically required for new course proposals or significant course modifications. They should be submitted with the proposal to the appropriate academic committee for review. Check with your department or the Office of the Provost for specific guidelines and deadlines.","A syllabus is generally required for course proposals to provide a detailed outline of course objectives, structure, and assessment methods. Specific guidelines or requirements can vary by department. It's best to check with the specific department or faculty at USC for precise details."
When is the content in my proposal effective?,"New courses, programs, and concentrations can be effective for the next term after all approvals and notifications. Course, program, and concentration changes or deletions will be effective for the next bulletin year if all approvals are received 10 days prior to the November Curricula and Courses Committee meeting and approved by Faculty Senate."," To determine when your USC proposal content will be effective, it typically depends on the review process and approval timeline of the specific department or office. Please contact the relevant USC department directly for the most accurate information. Generally, proposals may undergo internal review, revision stages, and final approval can take several weeks to months.

For timely guidance, provide specific details about your proposal and which department it pertains to, and I'll do my best to offer tailored advice or direct you to the appropriate resources.","I'm happy to help! However, I need more information about your proposal to provide an accurate answer. Can you please provide the details about the proposal, such as the date or timeframe you're referring to? If you're referring to a specific project or event at USC, I'd be happy to help clarify the timeline.","I need a little more information to help you! Please tell me what kind of proposal you are referring to. Is it a proposal for a research project, a business venture, or something else entirely? 
"," At the University of South Carolina (USC), your proposal's content becomes effective upon approval by the appropriate USC department or office. Please contact the relevant USC office for specific guidance.","I apologize, but I don't have access to your specific proposal or its details. For accurate information about proposal effectiveness dates at USC, you should consult with your department or the relevant university office handling your proposal.","I need more context regarding the proposal to provide an exact answer. If it's related to USC's academic or administrative policies, please provide additional details."
When is the new Bulletin published for the upcoming academic year?,A new Bulletin is published each February 15th for the coming academic year.," The new USC Bulletin for the upcoming academic year is typically published in late summer, usually around August or early September. For the most accurate date, refer to the official USC University News website or contact the USC Press directly.","The University of South Carolina publishes the Bulletin in late spring, typically in May, for the upcoming academic year. It outlines academic programs, courses, and policies. Check the USC website or contact the Registrar's Office for the exact publication date.","The new USC Bulletin is typically published in the spring before the start of the upcoming academic year.  You can find the most recent information on the USC website! 
"," The new Bulletin, containing course information for the upcoming academic year, is typically published in late March or early April. Please check the USC website for the most recent publication date.","The new USC Academic Bulletin is typically published in July for the upcoming academic year. It contains updated course information, degree requirements, and academic policies. Students should always refer to the most recent Bulletin for accurate information.","The University of South Carolina typically publishes the new academic year Bulletin in late spring or early summer. For the most accurate release dates, please check USC's official website or contact the Registrar's Office."
When should I submit my proposal in order to be effective for the next Bulletin year?,All proposals must reach the Committee on Curricula and Courses 10 days prior to the November meeting in order to make the December Faculty Senate cutoff for curriculum changes. It depends on the type of proposal submitted how long it will take to reach the Committee on Curricula and Courses and if there are any external approvals required. Program actions may take between 6 months and 2 years for full review (ACAF 2.00). Review the various levels of approval needed for various types of curricular actions. (/about/offices_and_divisions/advising/curriculum_services/approval_process/index.php)," For the next Bulletin year, typically proposals should be submitted by mid-August. Please check the current year's specific deadline on the USC Bulletin website or contact the appropriate department to ensure accuracy.","To be effective for the next Bulletin year, proposals typically need to be submitted by the end of the spring semester. The exact deadline may vary, so I recommend checking with the USC bulletin's editorial office or the Office of University Communications for the most up-to-date information.","That's a great question!  To be included in the next Bulletin year, you'll need to submit your proposal by the deadline, which is usually in the late spring or early summer. Check with the appropriate department or office for the exact date. 
"," To be included in the next Bulletin year, submit your proposal by February 15th. This allows time for review and processing before the new academic year.","For the next USC Bulletin year, submit your proposal by early fall semester, typically September or October. Exact deadlines may vary, so check with your department or the Office of the Registrar for specific dates. Early submission ensures thorough review and timely inclusion.","Proposals for the next Bulletin year at USC should typically be submitted by early fall. It's best to check with the Office of the Registrar or the Faculty Senate for exact deadlines, as these can vary."
Who can I contact in my college for assistance with curriculum actions?,"An Academic Program Liaison (APL) is designated for each college/school on the Columbia campus, for each comprehensive campus, and for the regional Palmetto College campuses. The APLs will serve as the main information resource on academic program actions and as the academic program liaison to the Provost’s Office for their respective units. The list of current Academic Program Liaisons can be found on the Planning and Assessment, Academic Program Liaison’s page of the Provost’s website. (/about/offices_and_divisions/provost/planning/academicprograms/academic-program-liasons.php)"," For curriculum-related assistance, contact your academic advisor at your college. Alternatively, reach out to the Director of Undergraduate Education or the Registrar's Office at the University of South Carolina. They can guide you through curriculum actions and academic planning.","That's a great question! For assistance with curriculum actions, you can reach out to your college's Undergraduate Advising Office or the University's Curriculum Office. They can guide you through the process and provide support with course approvals, curriculum changes, and more!","You can contact your college's academic advising office for help with curriculum actions. They're your go-to for course selection, degree planning, and any questions you have about your academic journey! 
", Reach out to your academic advisor in your specific college at USC for assistance with curriculum actions. They're there to help!,"For curriculum assistance, contact your college's academic advisor or the Dean's office. They can guide you through course selection, major requirements, and any curriculum changes. Each USC college has dedicated staff to help students navigate their academic journey.","For curriculum assistance, contact your college's academic advising office. They can provide guidance and support tailored to your specific program and needs. Each college within USC has its own advising office, so check your respective college's website for contact details."
Who is the Academic Program Liaison (APL) for my college?,"Current APL’s are listed on the Planning and Assessment, Academic Program Liaison’s page of the Provost’s website. (/about/offices_and_divisions/provost/planning/academicprograms/academic-program-liasons.php)"," I'm sorry, but as an AI, I don't have access to personal or real-time data such as your college's Academic Program Liaison (APL) information. I recommend reaching out directly to your college's academic advising or student affairs office for the most accurate and updated contact details.","I'm happy to help! The Academic Program Liaison (APL) for your college is typically listed on the college's website or in the university's directory. However, I can try to help you find the APL contact information for your specific college. Can you please tell me which college you are a part of (e.g. College of Arts and Sciences, Darla Moore School of Business, etc.)?","I don't have access to specific student information like that. I recommend reaching out to your college's office or checking your student portal for the APL contact. 
"," To find your Academic Program Liaison (APL), visit the USC Advising website, select your college, then 'Meet Your Advisor'. APL information is under 'Academic Program Liaisons'.","I apologize, but I don't have specific information about individual APLs for each college at USC. This information can vary and may change. For the most accurate and up-to-date details, please check your college's website or contact your college's academic advising office directly.",I don't have specific details about current Academic Program Liaisons. Please check your college's official website or contact the main administrative office for the most accurate and updated information on your APL.
Who should I contact if I have a correction for DegreeWorks?,Please visit the DegreeWorks Edit Request website. (https://sc.edu/about/offices_and_divisions/registrar/toolbox/faculty_staff_forms/secure_form_access/degreeworks_edit_request.php)," For assistance with DegreeWorks or to request a correction, contact the USC Registrar's Office directly at (+1 803) 777-8511 or email them at registrar@mail.sc.edu. They'll guide you through the necessary steps.","If you have a correction for DegreeWorks, please reach out to the University Registrar's Office at [registrar@sc.edu](mailto:registrar@sc.edu) or (803) 777-5058. They will assist you in making the necessary corrections to your academic record.","For DegreeWorks corrections, reach out to the Office of the Registrar. You can find their contact information on the USC website! 
"," For DegreeWorks corrections, reach out to the Office of the University Registrar at [registrar@sc.edu](mailto:registrar@sc.edu) or (803) 777-5555. They will be happy to help with your inquiry.","For DegreeWorks corrections at USC, you should contact your academic advisor. They can review your audit and submit any necessary changes or corrections to ensure your degree progress is accurately reflected in the system.","For corrections in DegreeWorks, reach out to your academic advisor or the Registrar's Office. They can assist with any issues or discrepancies you might encounter."
Who should I contact if there is an issue in Banner?,Fill out the form on the Self Service Carolina Help website. (https://sc.edu/about/offices_and_divisions/registrar/forms/ssc-help.php)," For issues related to Banner, the University of South Carolina's online portal, please contact the Office of IT Help Desk. You can reach them via email at ithelpdesk@email.sc.edu or by phone at (803) 777-2674. They're available to assist you with Banner-related concerns.","If you're experiencing issues with Banner, our student information system, you should contact the University Registrar's Office. They'll be happy to help resolve any issues or answer your questions. You can reach them at [registrar@sc.edu](mailto:registrar@sc.edu) or (803) 725-5904.","For Banner issues, contact the USC IT Service Desk at 803-777-HELP (4357) or visit their website for support options. 
"," For Banner-related issues, contact the Office of the Registrar at [registrar@sc.edu](mailto:registrar@sc.edu) or (803) 777-5555. They're happy to help with academic records, registration, and more!","For Banner issues, you should contact the USC IT Service Desk. They provide support for university systems, including Banner. You can reach them by phone, email, or through their online support portal. They'll be able to assist you or direct you to the appropriate resource.","For issues with Banner, contact the USC Information Technology Services (ITS) Help Desk. They can assist with any technical problems related to Banner."
Why do Faculty need to know about DegreeWorks?,"Every undergraduate student has access to his/her personal degree audit. This in important because students monitor their own progress. Degree audits are especially important for athletes, veterans, and OSP (Opportunity Scholars Program) students, who must have an accurate degree audit for compliance (NCAA, GI Bill, Federal Funding). Faculty need to be aware of this because curricular decisions must be accurately reflected in DegreeWorks."," Faculty at the University of South Carolina (USC) need to know about DegreeWorks because it's an integrated technology system that tracks student progress toward degree completion. By understanding DegreeWorks, faculty can:

1. Monitor student coursework, ensuring timely completion.
2. Identify and address potential academic holdbacks or risks early.
3. Facilitate advising conversations to keep students on track.
4. Ensure accurate degree audits and certificate assessments.
5. Enhance academic success and graduation rates through informed interventions.

Knowledge of DegreeWorks supports USC's commitment to academic excellence and student achievement.","Faculty need to know about DegreeWorks because it's a degree audit system that tracks student progress toward degree requirements. It helps faculty advisors ensure students are on track to graduate, identify potential issues, and make informed decisions about course recommendations. DegreeWorks is a helpful tool for faculty to support student success!","DegreeWorks helps faculty ensure students are on track to graduate! It allows them to view student progress, advise on course selection, and identify potential roadblocks. 
"," DegreeWorks is a valuable tool for USC faculty to track students' progress towards graduation, ensuring academic success. It provides up-to-date information on degree requirements, course history, and planned courses.","Faculty at USC need to know about DegreeWorks because it's a crucial tool for academic advising. It helps track students' progress towards their degrees, allowing faculty to provide accurate guidance on course selection and graduation requirements. Understanding DegreeWorks enables faculty to better support student success.","Faculty need to know about DegreeWorks because it helps them advise students effectively on course selection, track academic progress, ensure students meet graduation requirements, and provide guidance on academic planning. It's an essential tool for supporting student success at USC."
Will my proposal require a letter of concurrence?,"Under ACAF 2.00: Interdisciplinary or Interprofessional Programs : Each instance in which an interdisciplinary or interprofessional program is created, revised, or terminated requires letters of concurrence from all related academic units. Dual, Joint and Other Collaborative Degree Programs: The proposal requires the approval of the faculty and leadership in both or all collaborating programs, and letters of concurrence from all university units in closely related disciplines. Under ACAF 2.03: Course Actions : If a course action has the potential to impact the curriculum offering of other units or campuses, then the proponent is responsible for procuring concurrence from such units or campuses. Cross-listed course: If one course is new, and the other already exists, the unit introducing the new course shall include a statement of concurrence from the unit with the existing course. If all courses in a cross-listing are existing courses, one of the units shall submit the course action, indicating all other courses with which the course is cross-listed. All other units shall provide to the initiating unit statements of concurrence, indicating all other courses with which the initiated course is cross-listed. Common Reasons Proposals are Returned from the Curricula and Courses Committee: Pre-/Co-Requisites : Changes to Pre-/Co-requisites (either their addition or removal) require a letter of concurrence for the department offering the pre-/co-requisite course unless the impacted courses are in the same department as the subject course. (https://sc.edu/about/offices_and_divisions/provost/planning/academicprograms/docs/f23232.pdf)"," As a chatbot, I don't have access to personal details or your specific situation. Usually, whether a proposal at the University of South Carolina (USC) requires a letter of concurrence depends on its nature and relevance to university guidelines and policies. For accurate advice, please reach out to the relevant department or your supervisor at USC. They can provide detailed guidance based on your proposal.","Yes, many university projects and proposals require a letter of concurrence from various departments or administrators. This letter confirms that all parties involved have reviewed and agree with the proposal. Check with the specific department or office handling your proposal for their requirements.","I don't have access to specific proposal requirements or processes. It's best to check with your department or the relevant office at USC for information on concurrence letters. 
"," A letter of concurrence is not typically needed for proposals at USC, but it may depend on the specific department or school. I recommend checking with your academic advisor or department directly for accurate information.","It depends on the specific proposal and department requirements at USC. Generally, letters of concurrence are needed when your proposal affects other units or requires resources outside your department. Check with your department chair or the Office of Sponsored Awards Management for guidance.","For guidance on whether your proposal needs a letter of concurrence, check the specific requirements for your department or contact your academic advisor. They can provide the guidance you need based on USC's current policies and procedures."
Will my proposal require any external approvals?,"Only programs require external approvals (the President, Board of Trustees (BoT), SACS, and CHE notification or approval), as outline in ACAF 2.00: ""All new academic programs and program name changes across the entire USC system must be approved by the president. All new academic programs and program name changes across the entire USC system must be approved by the University Board of Trustees."" CHE approval is required in the following cases: New degree programs; New academic certificates of any length in a new CIP code; New academic certificates of more than 18 credit hours in a current CIP code; Program revisions of more than 18 credit hours including the addition of one or more program concentrations and CIP code changes; Program revisions of delivery location to off-campus (50% or more of credit hours); Extension of an approved health professions program to additional sites in-state, and Center and institute proposals requesting new or additional state funding. CHE notification is required in the following cases: Program revisions of 18 credit hours or less (undergraduate) or 12 credit hours or less (graduate), including the addition of a single program concentration; New academic certificates of 18 credit hours or less in a current CIP code; Consolidation of concentrations within an existing program; Program name changes; Program four-letter designator changes; Program terminations; Program revisions of delivery method to distance education delivery (50% or more of credit hours); and Center or institute proposals in which state funding is not required. SACSCOC approval is required six months before implementation in the following cases: New programs, including new dual or joint degree programs; Program revisions that increase program length by 10%; New academic certificates of any length in any CIP code; Program terminations; Program revisions of delivery location to off-campus (50% or more of credit hours); and Program revisions of delivery method to distance education delivery (50% or more of credit hours) SACSCOC notification is required six months before implementation in the following cases: Program revisions of delivery location to off-campus (25% to 49% of credit hours); Program name changes. The program percentages must be based on the total number of credits required to earn the degree, not on the number of required credits in the major, minor or course, or the number of contact hours. SACSCOC may also request more information or additional materials such as a prospectus for any action."," As an AI, I don't have specific information on your proposal. For guidance on USC external approvals, please contact the appropriate department or committee for your proposal. Typically, academic proposals in USC may require relevant departmental approvals, but it's best to verify specific procedures with the department in question.","It depends on the type of proposal and its content. Typically, proposals related to research, grants, or special projects may require external approvals from entities such as granting agencies, external partners, or state/federal authorities. I recommend consulting with the USC Office of Research or your department's administrators to determine if any external approvals are necessary.","I can't answer that question! I don't have access to your specific proposal or the approval process for it.  You'll need to check with the relevant department or office at USC. 
"," At USC, some academic proposals may need external approvals. It depends on the nature of the proposal. Check with your department or the Office of the Provost for guidance.","It depends on the nature of your proposal. Many USC research projects require approval from the Institutional Review Board (IRB) if they involve human subjects. Other proposals may need approval from committees overseeing animal research, biosafety, or radiation safety. Check with your department for specific requirements.","For approval processes, it's best to consult your department or relevant administrative office at USC. Typically, proposals may need approval from department heads, committees, or external entities based on the nature and scope of the project."
